SlNo,State_Code,State,District_Key,District,Confirmed,Active,Recovered,Deceased,Migrated_Other,Delta_Confirmed,Delta_Active,Delta_Recovered,Delta_Deceased,District_Notes,Last_Updated
0,UN,State Unassigned,UN_Unassigned,Unassigned,2995,2995,0,0,0,-392,-392,0,0,,
1,AN,Andaman and Nicobar Islands,AN_Nicobars,Nicobars,0,0,0,0,0,0,0,0,0,,
2,AN,Andaman and Nicobar Islands,AN_North and Middle Andaman,North and Middle Andaman,1,0,1,0,0,0,0,0,0,,
3,AN,Andaman and Nicobar Islands,AN_South Andaman,South Andaman,51,19,32,0,0,0,0,0,0,,
0,AP,Andhra Pradesh,AP_Foreign Evacuees,Foreign Evacuees,429,106,323,0,0,1,-23,24,0,,
4,AP,Andhra Pradesh,AP_Anantapur,Anantapur,3290,1373,1893,24,0,129,56,72,1,,
5,AP,Andhra Pradesh,AP_Chittoor,Chittoor,2668,1473,1174,21,0,159,109,48,2,,
6,AP,Andhra Pradesh,AP_East Godavari,East Godavari,2642,1809,825,8,0,268,197,71,0,,
7,AP,Andhra Pradesh,AP_Guntur,Guntur,3019,1535,1455,29,0,152,95,57,0,,
8,AP,Andhra Pradesh,AP_Krishna,Krishna,2504,959,1465,80,0,206,178,25,3,,
9,AP,Andhra Pradesh,AP_Kurnool,Kurnool,3405,1420,1884,101,0,237,162,71,4,,
0,AP,Andhra Pradesh,AP_Other State,Other State,2403,559,1844,0,0,18,-131,149,0,,
10,AP,Andhra Pradesh,AP_Prakasam,Prakasam,1172,449,718,5,0,134,68,66,0,,
11,AP,Andhra Pradesh,AP_S.P.S. Nellore,S.P.S. Nellore,1155,516,629,10,0,124,66,57,1,,
12,AP,Andhra Pradesh,AP_Srikakulam,Srikakulam,995,659,323,13,0,145,32,109,4,,
13,AP,Andhra Pradesh,AP_Visakhapatnam,Visakhapatnam,1377,571,791,15,0,49,46,0,3,,
14,AP,Andhra Pradesh,AP_Vizianagaram,Vizianagaram,633,463,163,7,0,138,115,23,0,,
15,AP,Andhra Pradesh,AP_West Godavari,West Godavari,1690,668,1012,10,0,79,-106,184,1,,
16,AP,Andhra Pradesh,AP_Y.S.R. Kadapa,Y.S.R. Kadapa,1786,868,913,5,0,94,31,63,0,,
17,AR,Arunachal Pradesh,AR_Anjaw,Anjaw,4,4,0,0,0,0,0,0,0,,
18,AR,Arunachal Pradesh,AR_Changlang,Changlang,102,33,69,0,0,0,0,0,0,,
19,AR,Arunachal Pradesh,AR_East Kameng,East Kameng,0,0,0,0,0,0,0,0,0,,
20,AR,Arunachal Pradesh,AR_East Siang,East Siang,10,0,10,0,0,0,0,0,0,,
21,AR,Arunachal Pradesh,AR_Kamle,Kamle,0,0,0,0,0,0,0,0,0,,
22,AR,Arunachal Pradesh,AR_Kra Daadi,Kra Daadi,0,0,0,0,0,0,0,0,0,,
23,AR,Arunachal Pradesh,AR_Kurung Kumey,Kurung Kumey,0,0,0,0,0,0,0,0,0,,
24,AR,Arunachal Pradesh,AR_Lepa Rada,Lepa Rada,3,2,1,0,0,0,0,0,0,,
25,AR,Arunachal Pradesh,AR_Lohit,Lohit,4,0,4,0,0,0,0,0,0,,
26,AR,Arunachal Pradesh,AR_Longding,Longding,4,2,2,0,0,0,0,0,0,,
27,AR,Arunachal Pradesh,AR_Lower Dibang Valley,Lower Dibang Valley,3,0,3,0,0,0,0,0,0,,
28,AR,Arunachal Pradesh,AR_Lower Siang,Lower Siang,3,3,0,0,0,0,0,0,0,,
29,AR,Arunachal Pradesh,AR_Lower Subansiri,Lower Subansiri,12,12,0,0,0,0,0,0,0,,
30,AR,Arunachal Pradesh,AR_Namsai,Namsai,18,13,5,0,0,0,0,0,0,,
31,AR,Arunachal Pradesh,AR_Pakke Kessang,Pakke Kessang,1,0,1,0,0,0,0,0,0,,
32,AR,Arunachal Pradesh,AR_Papum Pare,Papum Pare,138,121,17,0,0,0,0,0,0,,
33,AR,Arunachal Pradesh,AR_Shi Yomi,Shi Yomi,0,0,0,0,0,0,0,0,0,,
34,AR,Arunachal Pradesh,AR_Siang,Siang,0,0,0,0,0,0,0,0,0,,
35,AR,Arunachal Pradesh,AR_Tawang,Tawang,1,0,1,0,0,0,0,0,0,,
36,AR,Arunachal Pradesh,AR_Tirap,Tirap,5,2,3,0,0,0,0,0,0,,
37,AR,Arunachal Pradesh,AR_Upper Dibang Valley,Upper Dibang Valley,0,0,0,0,0,0,0,0,0,,
38,AR,Arunachal Pradesh,AR_Upper Siang,Upper Siang,1,0,1,0,0,0,0,0,0,,
39,AR,Arunachal Pradesh,AR_Upper Subansiri,Upper Subansiri,1,1,0,0,0,0,0,0,0,,
40,AR,Arunachal Pradesh,AR_West Kameng,West Kameng,29,20,7,2,0,0,0,0,0,,
41,AR,Arunachal Pradesh,AR_West Siang,West Siang,2,1,1,0,0,0,0,0,0,,
0,AS,Assam,AS_Airport Quarantine,Airport Quarantine,4,4,0,0,0,0,0,0,0,,
42,AS,Assam,AS_Baksa,Baksa,85,84,0,1,0,0,0,0,0,,
43,AS,Assam,AS_Barpeta,Barpeta,150,94,55,1,0,0,0,0,0,,
44,AS,Assam,AS_Biswanath,Biswanath,58,42,16,0,0,0,0,0,0,,
45,AS,Assam,AS_Bongaigaon,Bongaigaon,24,17,7,0,0,0,0,0,0,,
46,AS,Assam,AS_Cachar,Cachar,98,16,82,0,0,0,0,0,0,,
47,AS,Assam,AS_Charaideo,Charaideo,16,16,0,0,0,0,0,0,0,,
48,AS,Assam,AS_Chirang,Chirang,52,52,0,0,0,0,0,0,0,,
49,AS,Assam,AS_Darrang,Darrang,102,102,0,0,0,0,0,0,0,,
50,AS,Assam,AS_Dhemaji,Dhemaji,96,90,6,0,0,0,0,0,0,,
51,AS,Assam,AS_Dhubri,Dhubri,334,329,5,0,0,0,0,0,0,,
52,AS,Assam,AS_Dibrugarh,Dibrugarh,77,72,5,0,0,0,0,0,0,,
53,AS,Assam,AS_Dima Hasao,Dima Hasao,89,80,9,0,0,0,0,0,0,,
54,AS,Assam,AS_Goalpara,Goalpara,57,38,4,0,0,0,0,0,0,,
55,AS,Assam,AS_Golaghat,Golaghat,272,184,88,0,0,0,0,0,0,,
56,AS,Assam,AS_Hailakandi,Hailakandi,78,71,5,2,0,0,0,0,0,,
57,AS,Assam,AS_Hojai,Hojai,267,267,0,0,0,0,0,0,0,,
58,AS,Assam,AS_Jorhat,Jorhat,145,90,54,1,0,0,-1,0,1,,
59,AS,Assam,AS_Kamrup,Kamrup,215,193,21,1,0,0,0,0,0,,
60,AS,Assam,AS_Kamrup Metropolitan,Kamrup Metropolitan,6643,6245,386,12,0,0,-2,0,2,,
61,AS,Assam,AS_Karbi Anglong,Karbi Anglong,41,31,7,3,0,0,0,0,0,,
62,AS,Assam,AS_Karimganj,Karimganj,106,86,20,0,0,0,0,0,0,,
63,AS,Assam,AS_Kokrajhar,Kokrajhar,86,76,10,0,0,0,0,0,0,,
64,AS,Assam,AS_Lakhimpur,Lakhimpur,85,79,6,0,0,0,0,0,0,,
65,AS,Assam,AS_Majuli,Majuli,21,21,0,0,0,0,0,0,0,,
66,AS,Assam,AS_Morigaon,Morigaon,49,21,28,0,0,0,0,0,0,,
67,AS,Assam,AS_Nagaon,Nagaon,330,303,25,2,0,0,-1,0,1,,
68,AS,Assam,AS_Nalbari,Nalbari,28,19,9,0,0,0,0,0,0,,
0,AS,Assam,AS_Other State,Other State,1,0,1,0,0,0,0,0,0,,
69,AS,Assam,AS_Sivasagar,Sivasagar,29,2,26,1,0,0,0,0,0,,
70,AS,Assam,AS_Sonitpur,Sonitpur,122,86,35,1,0,0,0,0,0,,
71,AS,Assam,AS_South Salmara Mankachar,South Salmara Mankachar,7,6,1,0,0,0,0,0,0,,
72,AS,Assam,AS_Tinsukia,Tinsukia,114,108,6,0,0,0,0,0,0,,
73,AS,Assam,AS_Udalguri,Udalguri,234,36,197,1,0,0,0,0,0,,
74,AS,Assam,AS_West Karbi Anglong,West Karbi Anglong,28,28,0,0,0,0,0,0,0,,
75,BR,Bihar,BR_Araria,Araria,180,53,125,2,0,14,13,1,0,,
76,BR,Bihar,BR_Arwal,Arwal,166,50,115,1,0,11,9,2,0,,
77,BR,Bihar,BR_Aurangabad,Aurangabad,323,56,266,1,0,21,19,2,0,,
78,BR,Bihar,BR_Banka,Banka,299,46,253,0,0,4,-10,14,0,,
79,BR,Bihar,BR_Begusarai,Begusarai,734,212,517,5,0,76,30,45,1,,
80,BR,Bihar,BR_Bhagalpur,Bhagalpur,996,399,587,10,0,81,48,33,0,,
81,BR,Bihar,BR_Bhojpur,Bhojpur,339,41,294,4,0,40,-5,45,0,,
82,BR,Bihar,BR_Buxar,Buxar,308,66,242,0,0,27,15,12,0,,
83,BR,Bihar,BR_Darbhanga,Darbhanga,402,53,339,10,0,0,-15,13,2,,
101,BR,Bihar,BR_East Champaran,East Champaran,335,71,258,6,0,13,-6,19,0,,
84,BR,Bihar,BR_Gaya,Gaya,405,145,257,3,0,35,19,16,0,,
85,BR,Bihar,BR_Gopalganj,Gopalganj,449,169,280,0,0,30,23,7,0,,
86,BR,Bihar,BR_Jamui,Jamui,173,69,103,1,0,9,-2,11,0,,
87,BR,Bihar,BR_Jehanabad,Jehanabad,327,54,270,3,0,14,3,11,0,,
88,BR,Bihar,BR_Kaimur,Kaimur,222,7,213,2,0,0,-15,15,0,,
89,BR,Bihar,BR_Katihar,Katihar,455,51,403,1,0,45,9,36,0,,
90,BR,Bihar,BR_Khagaria,Khagaria,422,103,316,3,0,11,11,0,0,,
91,BR,Bihar,BR_Kishanganj,Kishanganj,229,24,203,2,0,0,-13,13,0,,
92,BR,Bihar,BR_Lakhisarai,Lakhisarai,205,65,140,0,0,29,21,8,0,,
93,BR,Bihar,BR_Madhepura,Madhepura,264,43,220,1,0,6,-7,13,0,,
94,BR,Bihar,BR_Madhubani,Madhubani,591,53,536,2,0,6,-24,30,0,,
95,BR,Bihar,BR_Munger,Munger,578,209,368,1,0,61,43,18,0,,
96,BR,Bihar,BR_Muzaffarpur,Muzaffarpur,711,199,506,6,0,72,-4,75,1,,
97,BR,Bihar,BR_Nalanda,Nalanda,528,154,368,6,0,78,34,43,1,,
98,BR,Bihar,BR_Nawada,Nawada,560,166,391,3,0,76,-1,77,0,,
100,BR,Bihar,BR_Patna,Patna,1868,706,1147,15,0,177,-77,253,1,,
102,BR,Bihar,BR_Purnia,Purnia,370,49,321,0,0,7,5,2,0,,
103,BR,Bihar,BR_Rohtas,Rohtas,445,75,364,6,0,29,18,11,0,,
104,BR,Bihar,BR_Saharsa,Saharsa,301,32,268,1,0,5,-16,21,0,,
105,BR,Bihar,BR_Samastipur,Samastipur,453,80,366,7,0,17,10,7,0,,
106,BR,Bihar,BR_Saran,Saran,377,125,247,5,0,47,36,11,0,,
107,BR,Bihar,BR_Sheikhpura,Sheikhpura,204,44,160,0,0,11,3,8,0,,
108,BR,Bihar,BR_Sheohar,Sheohar,113,14,98,1,0,3,-4,7,0,,
109,BR,Bihar,BR_Sitamarhi,Sitamarhi,181,34,144,3,0,13,12,1,0,,
110,BR,Bihar,BR_Siwan,Siwan,661,179,476,6,0,98,76,21,1,,
111,BR,Bihar,BR_Supaul,Supaul,367,70,297,0,0,10,3,7,0,,
112,BR,Bihar,BR_Vaishali,Vaishali,376,133,239,4,0,36,8,28,0,,
99,BR,Bihar,BR_West Champaran,West Champaran,388,128,256,4,0,54,28,26,0,,
113,CH,Chandigarh,CH_Chandigarh,Chandigarh,559,134,417,8,0,10,6,4,0,,
0,CT,Chhattisgarh,CT_Other State,Other State,3,1,1,1,0,0,0,0,0,,
114,CT,Chhattisgarh,CT_Balod,Balod,67,12,55,0,0,8,7,1,0,,
115,CT,Chhattisgarh,CT_Baloda Bazar,Baloda Bazar,294,47,247,0,0,3,3,0,0,,
116,CT,Chhattisgarh,CT_Balrampur,Balrampur,154,21,133,0,0,1,1,0,0,,
117,CT,Chhattisgarh,CT_Bametara,Bametara,84,15,69,0,0,0,-6,6,0,,
118,CT,Chhattisgarh,CT_Bastar,Bastar,64,21,42,1,0,3,-14,17,0,,
119,CT,Chhattisgarh,CT_Bijapur,Bijapur,18,15,3,0,0,1,0,1,0,,
120,CT,Chhattisgarh,CT_Bilaspur,Bilaspur,292,65,225,2,0,0,-24,24,0,,
121,CT,Chhattisgarh,CT_Dakshin Bastar Dantewada,Dakshin Bastar Dantewada,51,24,27,0,0,-1,-1,0,0,,
122,CT,Chhattisgarh,CT_Dhamtari,Dhamtari,11,3,7,1,0,2,2,0,0,,
123,CT,Chhattisgarh,CT_Durg,Durg,204,32,168,4,0,15,13,1,1,,
124,CT,Chhattisgarh,CT_Gariaband,Gariaband,49,6,43,0,0,1,1,0,0,,
125,CT,Chhattisgarh,CT_Janjgir Champa,Janjgir Champa,297,49,247,1,0,17,16,1,0,,
126,CT,Chhattisgarh,CT_Jashpur,Jashpur,190,1,189,0,0,0,0,0,0,,
127,CT,Chhattisgarh,CT_Kabeerdham,Kabeerdham,112,2,110,0,0,1,1,0,0,,
128,CT,Chhattisgarh,CT_Kondagaon,Kondagaon,5,0,5,0,0,0,0,0,0,,
129,CT,Chhattisgarh,CT_Korba,Korba,342,30,312,0,0,0,0,0,0,,
130,CT,Chhattisgarh,CT_Koriya,Koriya,76,13,63,0,0,3,3,0,0,,
131,CT,Chhattisgarh,CT_Mahasamund,Mahasamund,90,0,89,1,0,0,0,0,0,,
132,CT,Chhattisgarh,CT_Mungeli,Mungeli,123,0,123,0,0,0,0,0,0,,
133,CT,Chhattisgarh,CT_Narayanpur,Narayanpur,97,74,23,0,0,3,3,0,0,,
134,CT,Chhattisgarh,CT_Raigarh,Raigarh,147,11,134,2,0,1,-2,3,0,,
135,CT,Chhattisgarh,CT_Raipur,Raipur,737,375,359,3,0,99,79,19,1,,
136,CT,Chhattisgarh,CT_Rajnandgaon,Rajnandgaon,351,28,321,2,0,10,3,7,0,,
137,CT,Chhattisgarh,CT_Sukma,Sukma,6,1,5,0,0,0,0,0,0,,
138,CT,Chhattisgarh,CT_Surajpur,Surajpur,31,6,25,0,0,0,0,0,0,,
139,CT,Chhattisgarh,CT_Surguja,Surguja,92,36,55,1,0,5,5,0,0,,
140,CT,Chhattisgarh,CT_Uttar Bastar Kanker,Uttar Bastar Kanker,88,20,68,0,0,9,8,1,0,,
766,CT,Chhattisgarh,CT_Gaurela Pendra Marwahi,Gaurela Pendra Marwahi,6,1,5,0,0,3,1,2,0,,
144,DL,Delhi,DL_Central Delhi,Central Delhi,184,184,0,0,0,0,0,0,0,,
145,DL,Delhi,DL_East Delhi,East Delhi,38,38,0,0,0,0,0,0,0,,
146,DL,Delhi,DL_New Delhi,New Delhi,37,37,0,0,0,0,0,0,0,,
147,DL,Delhi,DL_North Delhi,North Delhi,60,60,0,0,0,0,0,0,0,,
148,DL,Delhi,DL_North East Delhi,North East Delhi,25,25,0,0,0,0,0,0,0,,
149,DL,Delhi,DL_North West Delhi,North West Delhi,32,31,0,1,0,0,0,0,0,,
150,DL,Delhi,DL_Shahdara,Shahdara,48,48,0,0,0,0,0,0,0,,
151,DL,Delhi,DL_South Delhi,South Delhi,70,70,0,0,0,0,0,0,0,,
152,DL,Delhi,DL_South East Delhi,South East Delhi,130,130,0,0,0,0,0,0,0,,
153,DL,Delhi,DL_South West Delhi,South West Delhi,42,42,0,0,0,0,0,0,0,,
154,DL,Delhi,DL_West Delhi,West Delhi,122,122,0,0,0,0,0,0,0,,
0,DN,Dadra and Nagar Haveli and Daman and Diu,DN_Other State,Other State,0,0,0,0,0,0,0,0,0,,
141,DN,Dadra and Nagar Haveli and Daman and Diu,DN_Dadra and Nagar Haveli,Dadra and Nagar Haveli,221,92,126,0,3,7,-11,18,0,,
142,DN,Dadra and Nagar Haveli and Daman and Diu,DN_Daman,Daman,253,124,128,1,0,8,-4,12,0,,
143,DN,Dadra and Nagar Haveli and Daman and Diu,DN_Diu,Diu,25,10,14,0,1,0,-1,1,0,,
0,GA,Goa,GA_Other State,Other State,137,111,26,0,0,0,0,0,0,"Travelled by Road,Train,Flight",
155,GA,Goa,GA_North Goa,North Goa,460,313,144,3,0,0,0,0,0,,
156,GA,Goa,GA_South Goa,South Goa,1146,504,633,9,0,0,0,0,0,,
0,GJ,Gujarat,GJ_Other State,Other State,86,49,36,1,0,0,0,0,0,,
157,GJ,Gujarat,GJ_Ahmedabad,Ahmedabad,23095,3654,17922,1519,0,172,35,133,4,,
158,GJ,Gujarat,GJ_Amreli,Amreli,149,57,83,9,0,16,13,3,0,,
159,GJ,Gujarat,GJ_Anand,Anand,298,31,254,13,0,11,4,7,0,,
160,GJ,Gujarat,GJ_Aravalli,Aravalli,250,16,210,24,0,2,1,1,0,,
161,GJ,Gujarat,GJ_Banaskantha,Banaskantha,336,99,222,15,0,13,-25,38,0,,
162,GJ,Gujarat,GJ_Bharuch,Bharuch,415,176,228,11,0,14,-4,18,0,,
163,GJ,Gujarat,GJ_Bhavnagar,Bhavnagar,602,367,222,13,0,46,46,0,0,,
164,GJ,Gujarat,GJ_Botad,Botad,121,40,78,3,0,5,3,2,0,,
165,GJ,Gujarat,GJ_Chhota Udaipur,Chhota Udaipur,79,22,55,2,0,3,2,1,0,,
167,GJ,Gujarat,GJ_Dahod,Dahod,136,78,56,2,0,9,5,4,0,,
187,GJ,Gujarat,GJ_Dang,Dang,7,3,4,0,0,0,0,0,0,,
166,GJ,Gujarat,GJ_Devbhumi Dwarka,Devbhumi Dwarka,29,4,22,3,0,0,-1,1,0,,
168,GJ,Gujarat,GJ_Gandhinagar,Gandhinagar,893,234,627,32,0,29,15,14,0,,
169,GJ,Gujarat,GJ_Gir Somnath,Gir Somnath,132,80,51,1,0,6,6,0,0,,
170,GJ,Gujarat,GJ_Jamnagar,Jamnagar,349,144,196,9,0,6,-3,9,0,,
171,GJ,Gujarat,GJ_Junagadh,Junagadh,312,183,123,6,0,42,-13,53,2,,
173,GJ,Gujarat,GJ_Kheda,Kheda,301,104,182,15,0,16,9,6,1,,
172,GJ,Gujarat,GJ_Kutch,Kutch,245,93,145,7,0,7,5,2,0,,
175,GJ,Gujarat,GJ_Mahisagar,Mahisagar,172,52,118,2,0,1,1,0,0,,
174,GJ,Gujarat,GJ_Mehsana,Mehsana,439,235,189,15,0,23,23,0,0,,
176,GJ,Gujarat,GJ_Morbi,Morbi,94,57,34,3,0,19,12,7,0,,
177,GJ,Gujarat,GJ_Narmada,Narmada,108,14,94,0,0,0,-4,4,0,,
178,GJ,Gujarat,GJ_Navsari,Navsari,251,117,133,1,0,11,4,7,0,,
179,GJ,Gujarat,GJ_Panchmahal,Panchmahal,246,56,175,15,0,10,7,3,0,,
180,GJ,Gujarat,GJ_Patan,Patan,276,70,187,19,0,4,1,3,0,,
181,GJ,Gujarat,GJ_Porbandar,Porbandar,24,3,19,2,0,0,-2,2,0,,
182,GJ,Gujarat,GJ_Rajkot,Rajkot,655,456,181,18,0,46,45,0,1,,
183,GJ,Gujarat,GJ_Sabarkantha,Sabarkantha,250,84,158,8,0,3,-6,9,0,,
184,GJ,Gujarat,GJ_Surat,Surat,7828,2834,4780,214,0,251,108,138,5,,
185,GJ,Gujarat,GJ_Surendranagar,Surendranagar,291,142,139,10,0,21,13,8,0,,
186,GJ,Gujarat,GJ_Tapi,Tapi,42,28,14,0,0,2,-1,3,0,,
188,GJ,Gujarat,GJ_Vadodara,Vadodara,3052,865,2138,49,0,75,44,31,0,,
189,GJ,Gujarat,GJ_Valsad,Valsad,343,215,123,5,0,16,10,6,0,,
212,HP,Himachal Pradesh,HP_Bilaspur,Bilaspur,52,14,38,0,0,1,1,0,0,,
213,HP,Himachal Pradesh,HP_Chamba,Chamba,61,9,51,0,1,2,1,1,0,,
214,HP,Himachal Pradesh,HP_Hamirpur,Hamirpur,272,35,234,3,0,0,0,0,0,,
215,HP,Himachal Pradesh,HP_Kangra,Kangra,309,43,263,3,0,6,-8,14,0,Death of Tibetan refugee on March 22 included in Kangra district's tally,
216,HP,Himachal Pradesh,HP_Kinnaur,Kinnaur,35,28,7,0,0,0,0,0,0,,
217,HP,Himachal Pradesh,HP_Kullu,Kullu,8,3,5,0,0,0,0,0,0,,
218,HP,Himachal Pradesh,HP_Lahaul and Spiti,Lahaul and Spiti,4,1,3,0,0,0,0,0,0,,
219,HP,Himachal Pradesh,HP_Mandi,Mandi,39,7,30,2,0,1,0,1,0,,
220,HP,Himachal Pradesh,HP_Shimla,Shimla,59,15,41,2,1,4,4,0,0,,
221,HP,Himachal Pradesh,HP_Sirmaur,Sirmaur,46,6,33,0,7,4,0,4,0,,
222,HP,Himachal Pradesh,HP_Solan,Solan,187,84,99,0,4,10,9,1,0,,
223,HP,Himachal Pradesh,HP_Una,Una,141,29,112,0,0,3,3,0,0,,
0,HR,Haryana,HR_Foreign Evacuees,Foreign Evacuees,21,0,21,0,0,0,0,0,0,,
190,HR,Haryana,HR_Ambala,Ambala,507,103,398,6,0,12,-9,21,0,,
191,HR,Haryana,HR_Bhiwani,Bhiwani,645,171,470,4,0,12,0,12,0,,
192,HR,Haryana,HR_Charkhi Dadri,Charkhi Dadri,89,32,56,1,0,0,0,0,0,,
193,HR,Haryana,HR_Faridabad,Faridabad,5420,932,4387,101,0,222,80,142,0,,
194,HR,Haryana,HR_Fatehabad,Fatehabad,147,30,116,1,0,4,2,2,0,,
195,HR,Haryana,HR_Gurugram,Gurugram,6860,1026,5729,105,0,112,-9,120,1,,
196,HR,Haryana,HR_Hisar,Hisar,451,212,232,7,0,24,17,7,0,,
0,HR,Haryana,HR_Italians,Italians,14,0,14,0,0,0,0,0,0,,
197,HR,Haryana,HR_Jhajjar,Jhajjar,486,156,326,4,0,22,20,2,0,,
198,HR,Haryana,HR_Jind,Jind,150,33,113,4,0,0,-17,17,0,,
199,HR,Haryana,HR_Kaithal,Kaithal,137,34,103,0,0,8,8,0,0,,
200,HR,Haryana,HR_Karnal,Karnal,519,157,354,8,0,25,-38,63,0,,
201,HR,Haryana,HR_Kurukshetra,Kurukshetra,198,57,140,1,0,8,0,8,0,,
202,HR,Haryana,HR_Mahendragarh,Mahendragarh,423,158,264,1,0,0,0,0,0,,
203,HR,Haryana,HR_Nuh,Nuh,322,84,235,3,0,16,10,5,1,,
204,HR,Haryana,HR_Palwal,Palwal,480,114,362,4,0,35,4,31,0,,
205,HR,Haryana,HR_Panchkula,Panchkula,144,29,115,0,0,3,0,3,0,,
206,HR,Haryana,HR_Panipat,Panipat,387,194,186,7,0,19,8,11,0,,
207,HR,Haryana,HR_Rewari,Rewari,599,307,287,5,0,0,-12,12,0,,
208,HR,Haryana,HR_Rohtak,Rohtak,925,329,583,13,0,26,-24,50,0,,
209,HR,Haryana,HR_Sirsa,Sirsa,197,74,122,1,0,6,2,4,0,,
210,HR,Haryana,HR_Sonipat,Sonipat,1989,700,1265,24,0,101,24,75,2,,
211,HR,Haryana,HR_Yamunanagar,Yamunanagar,130,24,105,1,0,3,-1,4,0,,
246,JH,Jharkhand,JH_Bokaro,Bokaro,87,40,45,2,0,0,-8,8,0,,
247,JH,Jharkhand,JH_Chatra,Chatra,118,66,52,0,0,20,20,0,0,,
248,JH,Jharkhand,JH_Deoghar,Deoghar,65,19,45,1,0,3,0,2,1,,
249,JH,Jharkhand,JH_Dhanbad,Dhanbad,283,131,148,4,0,5,4,0,1,,
250,JH,Jharkhand,JH_Dumka,Dumka,18,9,9,0,0,0,0,0,0,,
264,JH,Jharkhand,JH_East Singhbhum,East Singhbhum,666,365,298,3,0,7,4,2,1,,
251,JH,Jharkhand,JH_Garhwa,Garhwa,145,48,97,0,0,2,2,0,0,,
252,JH,Jharkhand,JH_Giridih,Giridih,121,32,86,3,0,2,2,0,0,,
253,JH,Jharkhand,JH_Godda,Godda,21,12,8,1,0,0,-1,0,1,,
254,JH,Jharkhand,JH_Gumla,Gumla,130,33,96,1,0,0,0,0,0,,
255,JH,Jharkhand,JH_Hazaribagh,Hazaribagh,256,69,184,3,0,11,11,0,0,,
256,JH,Jharkhand,JH_Jamtara,Jamtara,31,3,28,0,0,0,0,0,0,,
257,JH,Jharkhand,JH_Khunti,Khunti,34,5,28,1,0,1,1,0,0,,
258,JH,Jharkhand,JH_Koderma,Koderma,276,101,173,2,0,14,6,7,1,,
259,JH,Jharkhand,JH_Latehar,Latehar,83,28,55,0,0,6,6,0,0,,
260,JH,Jharkhand,JH_Lohardaga,Lohardaga,100,42,58,0,0,0,-9,9,0,,
261,JH,Jharkhand,JH_Pakur,Pakur,73,42,31,0,0,0,0,0,0,,
262,JH,Jharkhand,JH_Palamu,Palamu,92,12,80,0,0,4,-7,11,0,,
265,JH,Jharkhand,JH_Ramgarh,Ramgarh,171,46,125,0,0,3,3,0,0,,
266,JH,Jharkhand,JH_Ranchi,Ranchi,387,188,192,7,0,18,5,11,2,,
267,JH,Jharkhand,JH_Sahibganj,Sahibganj,41,30,9,2,0,1,-1,2,0,,
268,JH,Jharkhand,JH_Saraikela-Kharsawan,Saraikela-Kharsawan,104,54,50,0,0,0,0,0,0,,
269,JH,Jharkhand,JH_Simdega,Simdega,365,10,354,1,0,0,0,0,0,,
263,JH,Jharkhand,JH_West Singhbhum,West Singhbhum,93,36,57,0,0,0,0,0,0,,
224,JK,Jammu and Kashmir,JK_Anantnag,Anantnag,788,177,597,14,0,7,2,5,0,,
226,JK,Jammu and Kashmir,JK_Bandipora,Bandipora,365,73,289,3,0,29,29,0,0,,
227,JK,Jammu and Kashmir,JK_Baramulla,Baramulla,1319,742,544,33,0,31,-1,31,1,,
225,JK,Jammu and Kashmir,JK_Budgam,Budgam,561,228,320,13,0,29,15,13,1,,
228,JK,Jammu and Kashmir,JK_Doda,Doda,128,57,69,2,0,4,3,1,0,,
229,JK,Jammu and Kashmir,JK_Ganderbal,Ganderbal,201,109,88,4,0,40,36,2,2,,
230,JK,Jammu and Kashmir,JK_Jammu,Jammu,488,149,329,10,0,15,14,0,1,,
231,JK,Jammu and Kashmir,JK_Kathua,Kathua,300,88,211,1,0,8,7,1,0,,
232,JK,Jammu and Kashmir,JK_Kishtwar,Kishtwar,46,21,25,0,0,1,1,0,0,,
233,JK,Jammu and Kashmir,JK_Kulgam,Kulgam,1000,321,659,20,0,14,9,3,2,,
234,JK,Jammu and Kashmir,JK_Kupwara,Kupwara,771,288,473,10,0,25,24,0,1,,
235,JK,Jammu and Kashmir,JK_Mirpur,Mirpur,0,0,0,0,0,0,0,0,0,,
236,JK,Jammu and Kashmir,JK_Muzaffarabad,Muzaffarabad,0,0,0,0,0,0,0,0,0,,
237,JK,Jammu and Kashmir,JK_Pulwama,Pulwama,656,308,343,5,0,11,11,0,0,,
238,JK,Jammu and Kashmir,JK_Punch,Punch,142,20,121,1,0,0,-2,2,0,,
239,JK,Jammu and Kashmir,JK_Rajouri,Rajouri,275,185,89,1,0,6,5,1,0,,
240,JK,Jammu and Kashmir,JK_Ramban,Ramban,261,55,206,0,0,7,7,0,0,,
241,JK,Jammu and Kashmir,JK_Reasi,Reasi,57,18,39,0,0,0,0,0,0,,
242,JK,Jammu and Kashmir,JK_Samba,Samba,244,106,137,1,0,20,20,0,0,,
243,JK,Jammu and Kashmir,JK_Shopiyan,Shopiyan,901,211,674,16,0,13,13,0,0,,
244,JK,Jammu and Kashmir,JK_Srinagar,Srinagar,1708,1145,519,44,0,96,69,25,2,,
245,JK,Jammu and Kashmir,JK_Udhampur,Udhampur,302,54,247,1,0,1,1,0,0,,
270,KA,Karnataka,KA_Bagalkote,Bagalkote,399,210,178,11,0,7,-23,28,2,,
271,KA,Karnataka,KA_Ballari,Ballari,1682,648,992,42,0,63,43,20,0,,
272,KA,Karnataka,KA_Belagavi,Belagavi,470,96,362,12,0,2,-1,0,3,,
274,KA,Karnataka,KA_Bengaluru Rural,Bengaluru Rural,364,311,46,7,0,19,19,0,0,,
273,KA,Karnataka,KA_Bengaluru Urban,Bengaluru Urban,18387,14068,4046,272,1,1525,1276,206,43,,
275,KA,Karnataka,KA_Bidar,Bidar,1038,372,612,54,0,62,41,21,0,,
276,KA,Karnataka,KA_Chamarajanagara,Chamarajanagara,171,121,49,1,0,13,12,0,1,,
277,KA,Karnataka,KA_Chikkaballapura,Chikkaballapura,403,175,214,13,1,39,35,4,0,,
278,KA,Karnataka,KA_Chikkamagaluru,Chikkamagaluru,144,53,88,3,0,10,8,2,0,,
279,KA,Karnataka,KA_Chitradurga,Chitradurga,103,30,73,0,0,0,-3,3,0,,
280,KA,Karnataka,KA_Dakshina Kannada,Dakshina Kannada,2222,1419,760,41,2,196,177,14,5,,
281,KA,Karnataka,KA_Davanagere,Davanagere,536,106,410,20,0,20,-49,66,3,,
282,KA,Karnataka,KA_Dharwad,Dharwad,1088,672,383,33,0,129,64,64,1,,
283,KA,Karnataka,KA_Gadag,Gadag,316,134,173,9,0,14,4,10,0,,
284,KA,Karnataka,KA_Hassan,Hassan,685,245,420,20,0,31,-6,34,3,,
285,KA,Karnataka,KA_Haveri,Haveri,301,158,137,6,0,12,-9,19,2,,
286,KA,Karnataka,KA_Kalaburagi,Kalaburagi,2103,590,1477,36,0,79,62,17,0,,
287,KA,Karnataka,KA_Kodagu,Kodagu,156,51,104,1,0,15,-72,87,0,,
288,KA,Karnataka,KA_Kolar,Kolar,285,162,121,2,0,24,17,7,0,,
289,KA,Karnataka,KA_Koppal,Koppal,214,96,113,5,0,27,12,14,1,,
290,KA,Karnataka,KA_Mandya,Mandya,688,225,463,0,0,4,4,0,0,,
291,KA,Karnataka,KA_Mysuru,Mysuru,815,399,385,31,0,42,39,0,3,,
0,KA,Karnataka,KA_Other State,Other State,36,1,32,3,0,0,0,0,0,,
292,KA,Karnataka,KA_Raichur,Raichur,718,244,465,9,0,48,48,0,0,,
293,KA,Karnataka,KA_Ramanagara,Ramanagara,388,227,153,8,0,3,3,0,0,,
294,KA,Karnataka,KA_Shivamogga,Shivamogga,446,242,197,7,0,42,14,28,0,,
295,KA,Karnataka,KA_Tumakuru,Tumakuru,433,334,85,14,0,26,25,0,1,,
296,KA,Karnataka,KA_Udupi,Udupi,1609,344,1262,3,0,43,15,28,0,,
297,KA,Karnataka,KA_Uttara Kannada,Uttara Kannada,597,366,227,4,0,12,12,0,0,,
298,KA,Karnataka,KA_Vijayapura,Vijayapura,758,252,490,16,0,0,-11,10,1,,
299,KA,Karnataka,KA_Yadgir,Yadgir,1288,393,894,1,0,120,109,11,0,,
0,KL,Kerala,KL_Other State,Other State,0,0,0,0,0,0,0,0,0,,
300,KL,Kerala,KL_Alappuzha,Alappuzha,645,389,253,2,1,57,55,1,1,,
301,KL,Kerala,KL_Ernakulam,Ernakulam,507,301,202,3,1,50,45,5,0,,
302,KL,Kerala,KL_Idukki,Idukki,207,116,91,0,0,16,16,0,0,,
303,KL,Kerala,KL_Kannur,Kannur,708,304,399,5,0,17,-5,22,0,,
304,KL,Kerala,KL_Kasaragod,Kasaragod,641,209,432,0,0,56,49,7,0,,
305,KL,Kerala,KL_Kollam,Kollam,496,187,307,2,0,5,5,0,0,,
306,KL,Kerala,KL_Kottayam,Kottayam,329,143,185,1,0,12,11,1,0,,
307,KL,Kerala,KL_Kozhikode,Kozhikode,403,160,241,2,0,4,-14,18,0,,
308,KL,Kerala,KL_Malappuram,Malappuram,990,515,470,5,0,42,27,15,0,,
309,KL,Kerala,KL_Palakkad,Palakkad,883,337,544,1,1,59,43,16,0,,
310,KL,Kerala,KL_Pathanamthitta,Pathanamthitta,531,240,290,0,1,39,15,24,0,,
311,KL,Kerala,KL_Thiruvananthapuram,Thiruvananthapuram,742,532,204,6,0,40,37,3,0,,
312,KL,Kerala,KL_Thrissur,Thrissur,622,222,396,4,0,19,-2,20,1,,
313,KL,Kerala,KL_Wayanad,Wayanad,170,88,81,1,0,19,19,0,0,,
314,LA,Ladakh,LA_Kargil,Kargil,725,48,677,0,0,4,4,0,0,,
315,LA,Ladakh,LA_Leh,Leh,361,109,251,1,0,5,5,0,0,,
316,LD,Lakshadweep,LD_Lakshadweep,Lakshadweep,0,0,0,0,0,0,0,0,0,,
369,MH,Maharashtra,MH_Ahmednagar,Ahmednagar,848,304,524,20,0,64,25,39,0,,
370,MH,Maharashtra,MH_Akola,Akola,1875,314,1468,92,1,51,36,14,1,,
371,MH,Maharashtra,MH_Amravati,Amravati,823,174,613,36,0,17,-20,37,0,,
372,MH,Maharashtra,MH_Aurangabad,Aurangabad,8217,3837,4042,338,0,222,-88,304,6,,
374,MH,Maharashtra,MH_Beed,Beed,220,110,105,5,0,29,28,0,1,,
373,MH,Maharashtra,MH_Bhandara,Bhandara,162,73,89,0,0,8,1,7,0,,
375,MH,Maharashtra,MH_Buldhana,Buldhana,399,177,206,16,0,14,14,0,0,,
376,MH,Maharashtra,MH_Chandrapur,Chandrapur,164,68,96,0,0,7,5,2,0,,
377,MH,Maharashtra,MH_Dhule,Dhule,1517,604,835,76,2,44,41,1,2,,
378,MH,Maharashtra,MH_Gadchiroli,Gadchiroli,115,48,66,1,0,0,0,0,0,,
379,MH,Maharashtra,MH_Gondia,Gondia,210,51,156,3,0,1,-17,17,1,,
380,MH,Maharashtra,MH_Hingoli,Hingoli,341,63,276,2,0,4,4,0,0,,
381,MH,Maharashtra,MH_Jalgaon,Jalgaon,5810,2129,3336,345,0,209,113,94,2,,
382,MH,Maharashtra,MH_Jalna,Jalna,983,430,506,47,0,77,74,0,3,,
383,MH,Maharashtra,MH_Kolhapur,Kolhapur,1123,296,807,20,0,27,13,13,1,,
384,MH,Maharashtra,MH_Latur,Latur,664,306,325,33,0,34,25,8,1,,
385,MH,Maharashtra,MH_Mumbai,Mumbai,92988,22540,64872,5288,288,1243,-242,1441,44,,
386,MH,Maharashtra,MH_Mumbai Suburban,Mumbai Suburban,0,0,0,0,0,0,0,0,0,,
387,MH,Maharashtra,MH_Nagpur,Nagpur,2022,635,1366,21,0,65,65,0,0,,
388,MH,Maharashtra,MH_Nanded,Nanded,572,297,251,24,0,19,16,0,3,,
389,MH,Maharashtra,MH_Nandurbar,Nandurbar,279,119,149,11,0,31,31,0,0,,
390,MH,Maharashtra,MH_Nashik,Nashik,7080,2943,3847,290,0,196,98,90,8,,
391,MH,Maharashtra,MH_Osmanabad,Osmanabad,381,133,234,14,0,36,25,11,0,,
0,MH,Maharashtra,MH_Other State,Other State,195,164,0,31,0,12,11,0,1,,
392,MH,Maharashtra,MH_Palghar,Palghar,9744,4739,4817,188,0,401,349,44,8,,
393,MH,Maharashtra,MH_Parbhani,Parbhani,200,94,101,5,0,14,12,2,0,,
394,MH,Maharashtra,MH_Pune,Pune,39125,21601,16427,1097,0,1769,1321,411,37,,
395,MH,Maharashtra,MH_Raigad,Raigad,8459,4567,3731,159,2,449,395,52,2,,
396,MH,Maharashtra,MH_Ratnagiri,Ratnagiri,870,239,601,30,0,13,-30,42,1,,
397,MH,Maharashtra,MH_Sangli,Sangli,597,252,330,15,0,19,11,8,0,,
398,MH,Maharashtra,MH_Satara,Satara,1709,659,981,68,1,76,58,18,0,,
399,MH,Maharashtra,MH_Sindhudurg,Sindhudurg,257,47,205,5,0,0,0,0,0,,
400,MH,Maharashtra,MH_Solapur,Solapur,3978,1557,2076,344,1,277,249,25,3,,
401,MH,Maharashtra,MH_Thane,Thane,61869,33733,26489,1646,1,2382,1674,660,48,,
402,MH,Maharashtra,MH_Wardha,Wardha,34,18,14,1,1,6,6,0,0,,
403,MH,Maharashtra,MH_Washim,Washim,173,65,104,4,0,1,1,0,0,,
404,MH,Maharashtra,MH_Yavatmal,Yavatmal,424,130,280,14,0,10,10,0,0,,
421,ML,Meghalaya,ML_East Garo Hills,East Garo Hills,0,0,0,0,0,0,0,0,0,,
422,ML,Meghalaya,ML_East Jaintia Hills,East Jaintia Hills,1,1,0,0,0,0,0,0,0,,
423,ML,Meghalaya,ML_East Khasi Hills,East Khasi Hills,136,118,17,1,0,0,0,0,0,,
424,ML,Meghalaya,ML_North Garo Hills,North Garo Hills,1,0,1,0,0,0,0,0,0,,
425,ML,Meghalaya,ML_Ribhoi,Ribhoi,16,16,0,0,0,0,0,0,0,,
426,ML,Meghalaya,ML_South Garo Hills,South Garo Hills,0,0,0,0,0,0,0,0,0,,
427,ML,Meghalaya,ML_South West Garo Hills,South West Garo Hills,7,1,6,0,0,0,0,0,0,,
428,ML,Meghalaya,ML_South West Khasi Hills,South West Khasi Hills,0,0,0,0,0,0,0,0,0,,
429,ML,Meghalaya,ML_West Garo Hills,West Garo Hills,8,4,4,0,0,0,0,0,0,,
430,ML,Meghalaya,ML_West Jaintia Hills,West Jaintia Hills,5,0,5,0,0,0,0,0,0,,
431,ML,Meghalaya,ML_West Khasi Hills,West Khasi Hills,1,1,0,0,0,0,0,0,0,,
405,MN,Manipur,MN_Bishnupur,Bishnupur,82,24,58,0,0,0,0,0,0,,
406,MN,Manipur,MN_Chandel,Chandel,39,35,4,0,0,1,1,0,0,,
407,MN,Manipur,MN_Churachandpur,Churachandpur,149,91,58,0,0,0,0,0,0,,
408,MN,Manipur,MN_Imphal East,Imphal East,51,35,16,0,0,3,3,0,0,,
409,MN,Manipur,MN_Imphal West,Imphal West,122,70,52,0,0,0,0,0,0,,
410,MN,Manipur,MN_Jiribam,Jiribam,66,64,2,0,0,0,0,0,0,,
411,MN,Manipur,MN_Kakching,Kakching,107,80,27,0,0,1,1,0,0,,
412,MN,Manipur,MN_Kamjong,Kamjong,123,106,17,0,0,0,0,0,0,,
413,MN,Manipur,MN_Kangpokpi,Kangpokpi,166,147,19,0,0,6,6,0,0,,
414,MN,Manipur,MN_Noney,Noney,25,7,18,0,0,0,0,0,0,,
415,MN,Manipur,MN_Pherzawl,Pherzawl,32,17,15,0,0,0,0,0,0,,
416,MN,Manipur,MN_Senapati,Senapati,172,151,21,0,0,5,5,0,0,,
417,MN,Manipur,MN_Tamenglong,Tamenglong,191,159,32,0,0,0,0,0,0,,
418,MN,Manipur,MN_Tengnoupal,Tengnoupal,14,1,13,0,0,0,0,0,0,,
419,MN,Manipur,MN_Thoubal,Thoubal,67,44,23,0,0,0,0,0,0,,
420,MN,Manipur,MN_Ukhrul,Ukhrul,203,185,18,0,0,0,0,0,0,,
317,MP,Madhya Pradesh,MP_Agar Malwa,Agar Malwa,27,10,15,2,0,2,1,1,0,,
318,MP,Madhya Pradesh,MP_Alirajpur,Alirajpur,16,11,4,1,0,3,3,0,0,,
319,MP,Madhya Pradesh,MP_Anuppur,Anuppur,31,2,29,0,0,0,0,0,0,,
320,MP,Madhya Pradesh,MP_Ashoknagar,Ashoknagar,63,20,42,1,0,3,3,0,0,,
321,MP,Madhya Pradesh,MP_Balaghat,Balaghat,51,18,33,0,0,3,-1,4,0,,
322,MP,Madhya Pradesh,MP_Barwani,Barwani,187,67,116,4,0,20,18,2,0,,
323,MP,Madhya Pradesh,MP_Betul,Betul,104,38,66,0,0,4,4,0,0,,
324,MP,Madhya Pradesh,MP_Bhind,Bhind,341,79,262,0,0,3,3,0,0,,
325,MP,Madhya Pradesh,MP_Bhopal,Bhopal,3502,739,2642,121,0,95,59,33,3,,
326,MP,Madhya Pradesh,MP_Burhanpur,Burhanpur,428,25,380,23,0,7,6,1,0,,
327,MP,Madhya Pradesh,MP_Chhatarpur,Chhatarpur,69,11,58,0,0,3,3,0,0,,
328,MP,Madhya Pradesh,MP_Chhindwara,Chhindwara,75,13,60,2,0,3,0,3,0,,
329,MP,Madhya Pradesh,MP_Damoh,Damoh,57,14,43,0,0,2,-1,3,0,,
330,MP,Madhya Pradesh,MP_Datia,Datia,63,18,44,1,0,0,0,0,0,,
331,MP,Madhya Pradesh,MP_Dewas,Dewas,258,41,207,10,0,1,1,0,0,,
332,MP,Madhya Pradesh,MP_Dhar,Dhar,196,18,170,8,0,3,3,0,0,,
333,MP,Madhya Pradesh,MP_Dindori,Dindori,31,1,30,0,0,0,0,0,0,,
335,MP,Madhya Pradesh,MP_Guna,Guna,32,14,16,2,0,3,3,0,0,,
336,MP,Madhya Pradesh,MP_Gwalior,Gwalior,906,428,475,3,0,18,-40,58,0,,
337,MP,Madhya Pradesh,MP_Harda,Harda,76,37,35,4,0,12,6,5,1,,
338,MP,Madhya Pradesh,MP_Hoshangabad,Hoshangabad,52,9,39,4,0,2,2,0,0,,
339,MP,Madhya Pradesh,MP_Indore,Indore,5260,1014,3981,265,0,84,55,25,4,,
340,MP,Madhya Pradesh,MP_Jabalpur,Jabalpur,542,129,399,14,0,24,14,10,0,,
341,MP,Madhya Pradesh,MP_Jhabua,Jhabua,45,28,16,1,0,3,2,1,0,,
342,MP,Madhya Pradesh,MP_Katni,Katni,30,11,16,3,0,0,0,0,0,,
334,MP,Madhya Pradesh,MP_Khandwa,Khandwa,402,79,306,17,0,9,-1,10,0,,
368,MP,Madhya Pradesh,MP_Khargone,Khargone,375,72,288,15,0,19,18,1,0,,
343,MP,Madhya Pradesh,MP_Mandla,Mandla,7,1,5,1,0,0,0,0,0,,
344,MP,Madhya Pradesh,MP_Mandsaur,Mandsaur,186,55,122,9,0,10,10,0,0,,
345,MP,Madhya Pradesh,MP_Morena,Morena,945,458,482,5,0,0,-6,6,0,,
346,MP,Madhya Pradesh,MP_Narsinghpur,Narsinghpur,36,6,30,0,0,0,0,0,0,,
347,MP,Madhya Pradesh,MP_Neemuch,Neemuch,496,49,439,8,0,9,8,1,0,,
348,MP,Madhya Pradesh,MP_Niwari,Niwari,12,4,8,0,0,0,0,0,0,,
0,MP,Madhya Pradesh,MP_Other Region,Other Region,0,0,0,0,0,0,0,0,0,,
349,MP,Madhya Pradesh,MP_Panna,Panna,58,20,38,0,0,0,-1,1,0,,
350,MP,Madhya Pradesh,MP_Raisen,Raisen,117,5,107,5,0,3,3,0,0,,
351,MP,Madhya Pradesh,MP_Rajgarh,Rajgarh,121,28,86,7,0,7,6,1,0,,
352,MP,Madhya Pradesh,MP_Ratlam,Ratlam,222,49,167,6,0,7,4,3,0,,
353,MP,Madhya Pradesh,MP_Rewa,Rewa,85,25,59,1,0,14,11,3,0,,
354,MP,Madhya Pradesh,MP_Sagar,Sagar,446,49,375,22,0,5,-1,6,0,,
355,MP,Madhya Pradesh,MP_Satna,Satna,49,11,36,2,0,1,0,1,0,,
356,MP,Madhya Pradesh,MP_Sehore,Sehore,47,33,12,2,0,7,7,0,0,,
357,MP,Madhya Pradesh,MP_Seoni,Seoni,20,7,13,0,0,0,0,0,0,,
358,MP,Madhya Pradesh,MP_Shahdol,Shahdol,30,8,22,0,0,2,2,0,0,,
359,MP,Madhya Pradesh,MP_Shajapur,Shajapur,108,46,59,3,0,6,6,0,0,,
360,MP,Madhya Pradesh,MP_Sheopur,Sheopur,102,22,78,2,0,1,-2,3,0,,
361,MP,Madhya Pradesh,MP_Shivpuri,Shivpuri,148,111,36,1,0,2,1,0,1,,
362,MP,Madhya Pradesh,MP_Sidhi,Sidhi,31,11,19,1,0,3,3,0,0,,
363,MP,Madhya Pradesh,MP_Singrauli,Singrauli,31,15,16,0,0,2,0,2,0,,
364,MP,Madhya Pradesh,MP_Tikamgarh,Tikamgarh,112,61,46,5,0,5,0,5,0,,
365,MP,Madhya Pradesh,MP_Ujjain,Ujjain,887,29,787,71,0,7,5,2,0,,
366,MP,Madhya Pradesh,MP_Umaria,Umaria,25,15,9,1,0,1,1,0,0,,
367,MP,Madhya Pradesh,MP_Vidisha,Vidisha,92,39,53,0,0,13,7,6,0,,
432,MZ,Mizoram,MZ_Aizawl,Aizawl,85,47,38,0,0,4,4,0,0,,
433,MZ,Mizoram,MZ_Champhai,Champhai,10,2,8,0,0,0,0,0,0,,
729,MZ,Mizoram,MZ_Hnahthial,Hnahthial,0,0,0,0,0,0,0,0,0,,
730,MZ,Mizoram,MZ_Khawzawl,Khawzawl,3,0,3,0,0,0,0,0,0,,
434,MZ,Mizoram,MZ_Kolasib,Kolasib,12,1,11,0,0,0,0,0,0,,
435,MZ,Mizoram,MZ_Lawngtlai,Lawngtlai,12,4,8,0,0,0,0,0,0,,
436,MZ,Mizoram,MZ_Lunglei,Lunglei,58,11,47,0,0,0,0,0,0,,
437,MZ,Mizoram,MZ_Mamit,Mamit,20,0,20,0,0,0,0,0,0,,
438,MZ,Mizoram,MZ_Saiha,Saiha,23,14,9,0,0,0,0,0,0,,
728,MZ,Mizoram,MZ_Saitual,Saitual,3,0,3,0,0,0,0,0,0,,
439,MZ,Mizoram,MZ_Serchhip,Serchhip,5,2,3,0,0,0,0,0,0,,
0,NL,Nagaland,NL_Others,Others,46,46,0,0,0,0,0,0,0,,
440,NL,Nagaland,NL_Dimapur,Dimapur,159,130,29,0,0,18,18,0,0,,
441,NL,Nagaland,NL_Kiphire,Kiphire,4,4,0,0,0,0,0,0,0,,
442,NL,Nagaland,NL_Kohima,Kohima,82,67,15,0,0,1,0,1,0,,
443,NL,Nagaland,NL_Longleng,Longleng,2,2,0,0,0,0,0,0,0,,
444,NL,Nagaland,NL_Mokokchung,Mokokchung,4,4,0,0,0,0,0,0,0,,
445,NL,Nagaland,NL_Mon,Mon,101,101,0,0,0,0,0,0,0,,
446,NL,Nagaland,NL_Peren,Peren,292,271,21,0,0,0,-5,5,0,,
447,NL,Nagaland,NL_Phek,Phek,18,9,9,0,0,4,-4,8,0,,
448,NL,Nagaland,NL_Tuensang,Tuensang,49,49,0,0,0,3,3,0,0,,
449,NL,Nagaland,NL_Wokha,Wokha,11,11,0,0,0,0,0,0,0,,
450,NL,Nagaland,NL_Zunheboto,Zunheboto,6,6,0,0,0,0,0,0,0,,
0,OR,Odisha,OR_Others,Others,0,0,0,0,0,0,0,0,0,,
451,OR,Odisha,OR_Angul,Angul,133,27,105,1,0,0,-5,5,0,,
452,OR,Odisha,OR_Balangir,Balangir,261,49,212,0,0,1,1,0,0,,
453,OR,Odisha,OR_Balasore,Balasore,519,122,395,2,0,11,2,9,0,,
454,OR,Odisha,OR_Bargarh,Bargarh,171,25,145,1,0,3,-3,6,0,,
456,OR,Odisha,OR_Bhadrak,Bhadrak,293,29,261,3,0,11,8,3,0,,
455,OR,Odisha,OR_Boudh,Boudh,53,8,45,0,0,0,-3,3,0,,
457,OR,Odisha,OR_Cuttack,Cuttack,998,248,741,9,0,11,-60,71,0,,
458,OR,Odisha,OR_Deogarh,Deogarh,66,4,62,0,0,0,0,0,0,,
459,OR,Odisha,OR_Dhenkanal,Dhenkanal,95,16,79,0,0,0,0,0,0,,
460,OR,Odisha,OR_Gajapati,Gajapati,613,173,439,1,0,20,20,0,0,,
461,OR,Odisha,OR_Ganjam,Ganjam,3864,1639,2185,40,0,230,121,106,3,,
462,OR,Odisha,OR_Jagatsinghpur,Jagatsinghpur,394,92,302,0,0,5,1,4,0,,
463,OR,Odisha,OR_Jajpur,Jajpur,896,342,553,1,0,97,72,25,0,,
464,OR,Odisha,OR_Jharsuguda,Jharsuguda,165,37,128,0,0,0,0,0,0,,
465,OR,Odisha,OR_Kalahandi,Kalahandi,83,7,76,0,0,4,-1,5,0,,
466,OR,Odisha,OR_Kandhamal,Kandhamal,193,8,185,0,0,0,0,0,0,,
467,OR,Odisha,OR_Kendrapara,Kendrapara,298,27,269,2,0,2,-3,5,0,,
468,OR,Odisha,OR_Kendujhar,Kendujhar,295,113,181,1,0,3,0,3,0,,
469,OR,Odisha,OR_Khordha,Khordha,1307,410,883,14,0,76,59,15,2,,
470,OR,Odisha,OR_Koraput,Koraput,139,88,51,0,0,44,40,4,0,,
471,OR,Odisha,OR_Malkangiri,Malkangiri,170,69,101,0,0,36,36,0,0,,
472,OR,Odisha,OR_Mayurbhanj,Mayurbhanj,341,87,252,2,0,14,-24,38,0,,
473,OR,Odisha,OR_Nabarangapur,Nabarangapur,89,11,77,1,0,0,-24,24,0,,
474,OR,Odisha,OR_Nayagarh,Nayagarh,270,93,177,0,0,5,3,2,0,,
475,OR,Odisha,OR_Nuapada,Nuapada,86,4,82,0,0,0,0,0,0,,
476,OR,Odisha,OR_Puri,Puri,363,95,265,3,0,10,8,2,0,,
477,OR,Odisha,OR_Rayagada,Rayagada,141,17,123,1,0,2,2,0,0,,
478,OR,Odisha,OR_Sambalpur,Sambalpur,113,21,92,0,0,2,-20,22,0,,
479,OR,Odisha,OR_Subarnapur,Subarnapur,44,7,37,0,0,0,0,0,0,,
480,OR,Odisha,OR_Sundargarh,Sundargarh,668,419,247,2,0,8,-30,38,0,,
485,PB,Punjab,PB_Amritsar,Amritsar,1062,192,817,53,0,22,20,0,2,,
486,PB,Punjab,PB_Barnala,Barnala,74,17,55,2,0,0,-6,6,0,,
487,PB,Punjab,PB_Bathinda,Bathinda,141,42,95,4,0,12,4,8,0,,
488,PB,Punjab,PB_Faridkot,Faridkot,153,45,108,0,0,1,1,0,0,,
489,PB,Punjab,PB_Fatehgarh Sahib,Fatehgarh Sahib,146,24,120,2,0,2,0,2,0,,
490,PB,Punjab,PB_Fazilka,Fazilka,105,8,97,0,0,0,-1,1,0,,
491,PB,Punjab,PB_Ferozepur,Ferozepur,157,65,89,3,0,2,-2,4,0,,
492,PB,Punjab,PB_Gurdaspur,Gurdaspur,288,48,232,8,0,1,1,0,0,,
493,PB,Punjab,PB_Hoshiarpur,Hoshiarpur,196,12,177,7,0,2,-3,5,0,,
494,PB,Punjab,PB_Jalandhar,Jalandhar,1223,522,676,25,0,36,36,0,0,,
495,PB,Punjab,PB_Kapurthala,Kapurthala,128,33,89,6,0,2,1,1,0,,
496,PB,Punjab,PB_Ludhiana,Ludhiana,1376,457,888,31,0,60,-217,277,0,,
497,PB,Punjab,PB_Mansa,Mansa,63,13,50,0,0,6,1,5,0,,
498,PB,Punjab,PB_Moga,Moga,143,38,101,4,0,0,-5,5,0,,
499,PB,Punjab,PB_Pathankot,Pathankot,246,27,211,8,0,2,-1,2,1,,
500,PB,Punjab,PB_Patiala,Patiala,584,349,223,12,0,21,21,0,0,,
501,PB,Punjab,PB_Rupnagar,Rupnagar,128,21,106,1,0,4,4,0,0,,
502,PB,Punjab,PB_S.A.S. Nagar,S.A.S. Nagar,391,110,274,7,0,23,6,17,0,,
503,PB,Punjab,PB_Sangrur,Sangrur,641,112,510,19,0,12,2,9,1,,
504,PB,Punjab,PB_Shahid Bhagat Singh Nagar,Shahid Bhagat Singh Nagar,213,67,145,1,0,23,18,5,0,,
505,PB,Punjab,PB_Sri Muktsar Sahib,Sri Muktsar Sahib,146,7,138,1,0,2,-3,5,0,,
506,PB,Punjab,PB_Tarn Taran,Tarn Taran,217,21,191,5,0,1,1,0,0,,
481,PY,Puducherry,PY_Karaikal,Karaikal,96,52,42,2,0,10,9,1,0,,
482,PY,Puducherry,PY_Mahe,Mahe,21,3,18,0,0,0,0,0,0,,
483,PY,Puducherry,PY_Puducherry,Puducherry,1276,581,679,16,0,71,23,48,0,"21 cases(16 of TN, 1 of AP & 4 other) have been transferred,so have been reduced from the total count",
484,PY,Puducherry,PY_Yanam,Yanam,25,25,0,0,0,0,0,0,0,"2 cases of AP have been transferred,so have been reduced from the total count",
507,RJ,Rajasthan,RJ_Ajmer,Ajmer,760,213,523,24,0,33,25,8,0,,
508,RJ,Rajasthan,RJ_Alwar,Alwar,1208,785,417,6,0,93,69,24,0,,
509,RJ,Rajasthan,RJ_Banswara,Banswara,104,5,97,2,0,2,2,0,0,,
510,RJ,Rajasthan,RJ_Baran,Baran,76,8,64,4,0,0,-2,2,0,,
511,RJ,Rajasthan,RJ_Barmer,Barmer,697,262,431,4,0,24,7,17,0,,
512,RJ,Rajasthan,RJ_Bharatpur,Bharatpur,1971,245,1685,41,0,17,6,11,0,,
513,RJ,Rajasthan,RJ_Bhilwara,Bhilwara,290,22,262,6,0,1,-3,4,0,,
514,RJ,Rajasthan,RJ_Bikaner,Bikaner,893,581,291,21,0,31,31,0,0,,
0,RJ,Rajasthan,RJ_BSF Camp,BSF Camp,54,4,50,0,0,0,0,0,0,,
515,RJ,Rajasthan,RJ_Bundi,Bundi,22,8,14,0,0,4,4,0,0,,
516,RJ,Rajasthan,RJ_Chittorgarh,Chittorgarh,215,4,205,6,0,0,0,0,0,,
517,RJ,Rajasthan,RJ_Churu,Churu,385,55,328,2,0,8,8,0,0,,
518,RJ,Rajasthan,RJ_Dausa,Dausa,212,34,174,4,0,2,-6,8,0,,
519,RJ,Rajasthan,RJ_Dholpur,Dholpur,837,115,711,11,0,18,9,9,0,,
520,RJ,Rajasthan,RJ_Dungarpur,Dungarpur,489,34,454,1,0,1,-5,6,0,,
0,RJ,Rajasthan,RJ_Evacuees,Evacuees,61,0,61,0,0,0,0,0,0,,
521,RJ,Rajasthan,RJ_Ganganagar,Ganganagar,72,22,47,3,0,1,-1,2,0,,
522,RJ,Rajasthan,RJ_Hanumangarh,Hanumangarh,129,58,70,1,0,0,0,0,0,,
0,RJ,Rajasthan,RJ_Italians,Italians,2,0,2,0,0,0,0,0,0,,
523,RJ,Rajasthan,RJ_Jaipur,Jaipur,3911,656,3082,173,0,53,52,0,1,,
524,RJ,Rajasthan,RJ_Jaisalmer,Jaisalmer,118,7,111,0,0,0,0,0,0,,
525,RJ,Rajasthan,RJ_Jalore,Jalore,584,287,294,3,0,30,14,16,0,,
526,RJ,Rajasthan,RJ_Jhalawar,Jhalawar,380,2,378,0,0,0,0,0,0,,
527,RJ,Rajasthan,RJ_Jhunjhunu,Jhunjhunu,454,35,416,3,0,4,0,4,0,,
528,RJ,Rajasthan,RJ_Jodhpur,Jodhpur,3819,970,2784,65,0,156,137,19,0,,
529,RJ,Rajasthan,RJ_Karauli,Karauli,140,32,104,4,0,9,6,3,0,,
530,RJ,Rajasthan,RJ_Kota,Kota,805,68,710,27,0,28,19,9,0,,
531,RJ,Rajasthan,RJ_Nagaur,Nagaur,927,280,629,18,0,16,13,0,3,,
0,RJ,Rajasthan,RJ_Other State,Other State,164,92,41,31,0,6,6,0,0,,
532,RJ,Rajasthan,RJ_Pali,Pali,1506,275,1216,15,0,70,35,35,0,,
533,RJ,Rajasthan,RJ_Pratapgarh,Pratapgarh,147,131,15,1,0,2,2,0,0,,
534,RJ,Rajasthan,RJ_Rajsamand,Rajsamand,370,79,290,1,0,1,-22,23,0,,
535,RJ,Rajasthan,RJ_Sawai Madhopur,Sawai Madhopur,131,24,98,9,0,2,2,0,0,,
536,RJ,Rajasthan,RJ_Sikar,Sikar,704,70,627,7,0,11,-13,24,0,,
537,RJ,Rajasthan,RJ_Sirohi,Sirohi,671,149,514,8,0,17,9,7,1,,
538,RJ,Rajasthan,RJ_Tonk,Tonk,214,9,203,2,0,0,-1,0,1,,
539,RJ,Rajasthan,RJ_Udaipur,Udaipur,870,158,705,7,0,4,0,3,1,,
540,SK,Sikkim,SK_East Sikkim,East Sikkim,104,49,42,0,13,4,4,0,0,,
541,SK,Sikkim,SK_North Sikkim,North Sikkim,1,0,1,0,0,0,0,0,0,,
542,SK,Sikkim,SK_South Sikkim,South Sikkim,38,12,26,0,0,0,0,0,0,,
543,SK,Sikkim,SK_West Sikkim,West Sikkim,21,10,11,0,0,0,0,0,0,,
0,TG,Telangana,TG_Foreign Evacuees,Foreign Evacuees,33,33,0,0,0,0,0,0,0,,District-wise numbers are out-dated as cumulative counts for each district are not reported in Telangana bulletin
0,TG,Telangana,TG_Other State,Other State,250,250,0,0,0,0,0,0,0,,District-wise numbers are out-dated as cumulative counts for each district are not reported in Telangana bulletin
576,TG,Telangana,TG_Adilabad,Adilabad,79,64,15,0,0,4,4,0,0,,District-wise numbers are out-dated as cumulative counts for each district are not reported in Telangana bulletin
577,TG,Telangana,TG_Bhadradri Kothagudem,Bhadradri Kothagudem,77,73,4,0,0,3,3,0,0,,District-wise numbers are out-dated as cumulative counts for each district are not reported in Telangana bulletin
578,TG,Telangana,TG_Hyderabad,Hyderabad,26574,26246,305,23,0,800,800,0,0,,District-wise numbers are out-dated as cumulative counts for each district are not reported in Telangana bulletin
579,TG,Telangana,TG_Jagtial,Jagtial,50,48,2,0,0,4,4,0,0,,District-wise numbers are out-dated as cumulative counts for each district are not reported in Telangana bulletin
580,TG,Telangana,TG_Jangaon,Jangaon,100,99,1,0,0,6,6,0,0,,District-wise numbers are out-dated as cumulative counts for each district are not reported in Telangana bulletin
581,TG,Telangana,TG_Jayashankar Bhupalapally,Jayashankar Bhupalapally,25,25,0,0,0,0,0,0,0,,District-wise numbers are out-dated as cumulative counts for each district are not reported in Telangana bulletin
582,TG,Telangana,TG_Jogulamba Gadwal,Jogulamba Gadwal,77,51,25,1,0,7,7,0,0,,District-wise numbers are out-dated as cumulative counts for each district are not reported in Telangana bulletin
583,TG,Telangana,TG_Kamareddy,Kamareddy,87,79,8,0,0,0,0,0,0,,District-wise numbers are out-dated as cumulative counts for each district are not reported in Telangana bulletin
584,TG,Telangana,TG_Karimnagar,Karimnagar,268,252,16,0,0,23,23,0,0,,District-wise numbers are out-dated as cumulative counts for each district are not reported in Telangana bulletin
585,TG,Telangana,TG_Khammam,Khammam,133,130,3,0,0,1,1,0,0,,District-wise numbers are out-dated as cumulative counts for each district are not reported in Telangana bulletin
586,TG,Telangana,TG_Komaram Bheem,Komaram Bheem,29,27,2,0,0,0,0,0,0,,District-wise numbers are out-dated as cumulative counts for each district are not reported in Telangana bulletin
587,TG,Telangana,TG_Mahabubabad,Mahabubabad,67,66,1,0,0,8,8,0,0,,District-wise numbers are out-dated as cumulative counts for each district are not reported in Telangana bulletin
588,TG,Telangana,TG_Mahabubnagar,Mahabubnagar,190,182,8,0,0,17,17,0,0,,District-wise numbers are out-dated as cumulative counts for each district are not reported in Telangana bulletin
589,TG,Telangana,TG_Mancherial,Mancherial,113,112,0,1,0,3,3,0,0,,District-wise numbers are out-dated as cumulative counts for each district are not reported in Telangana bulletin
590,TG,Telangana,TG_Medak,Medak,172,168,4,0,0,14,14,0,0,,District-wise numbers are out-dated as cumulative counts for each district are not reported in Telangana bulletin
591,TG,Telangana,TG_Medchal Malkajgiri,Medchal Malkajgiri,1480,1470,9,1,0,94,94,0,0,,District-wise numbers are out-dated as cumulative counts for each district are not reported in Telangana bulletin
592,TG,Telangana,TG_Mulugu,Mulugu,36,34,2,0,0,0,0,0,0,,District-wise numbers are out-dated as cumulative counts for each district are not reported in Telangana bulletin
593,TG,Telangana,TG_Nagarkurnool,Nagarkurnool,53,51,2,0,0,23,23,0,0,,District-wise numbers are out-dated as cumulative counts for each district are not reported in Telangana bulletin
594,TG,Telangana,TG_Nalgonda,Nalgonda,260,248,12,0,0,15,15,0,0,,District-wise numbers are out-dated as cumulative counts for each district are not reported in Telangana bulletin
595,TG,Telangana,TG_Narayanpet,Narayanpet,22,21,0,1,0,0,0,0,0,,District-wise numbers are out-dated as cumulative counts for each district are not reported in Telangana bulletin
596,TG,Telangana,TG_Nirmal,Nirmal,46,33,13,0,0,4,4,0,0,,District-wise numbers are out-dated as cumulative counts for each district are not reported in Telangana bulletin
597,TG,Telangana,TG_Nizamabad,Nizamabad,213,183,30,0,0,11,11,0,0,,District-wise numbers are out-dated as cumulative counts for each district are not reported in Telangana bulletin
598,TG,Telangana,TG_Peddapalli,Peddapalli,52,51,1,0,0,9,9,0,0,,District-wise numbers are out-dated as cumulative counts for each district are not reported in Telangana bulletin
599,TG,Telangana,TG_Rajanna Sircilla,Rajanna Sircilla,97,95,2,0,0,3,3,0,0,,District-wise numbers are out-dated as cumulative counts for each district are not reported in Telangana bulletin
600,TG,Telangana,TG_Ranga Reddy,Ranga Reddy,2388,2369,17,2,0,132,132,0,0,,District-wise numbers are out-dated as cumulative counts for each district are not reported in Telangana bulletin
601,TG,Telangana,TG_Sangareddy,Sangareddy,393,387,6,0,0,36,36,0,0,,District-wise numbers are out-dated as cumulative counts for each district are not reported in Telangana bulletin
602,TG,Telangana,TG_Siddipet,Siddipet,53,52,1,0,0,3,3,0,0,,District-wise numbers are out-dated as cumulative counts for each district are not reported in Telangana bulletin
603,TG,Telangana,TG_Suryapet,Suryapet,180,156,24,0,0,7,7,0,0,,District-wise numbers are out-dated as cumulative counts for each district are not reported in Telangana bulletin
604,TG,Telangana,TG_Vikarabad,Vikarabad,93,77,15,1,0,6,6,0,0,,District-wise numbers are out-dated as cumulative counts for each district are not reported in Telangana bulletin
605,TG,Telangana,TG_Wanaparthy,Wanaparthy,45,45,0,0,0,15,15,0,0,,District-wise numbers are out-dated as cumulative counts for each district are not reported in Telangana bulletin
606,TG,Telangana,TG_Warangal Rural,Warangal Rural,171,171,0,0,0,2,2,0,0,,District-wise numbers are out-dated as cumulative counts for each district are not reported in Telangana bulletin
607,TG,Telangana,TG_Warangal Urban,Warangal Urban,260,237,23,0,0,12,12,0,0,,District-wise numbers are out-dated as cumulative counts for each district are not reported in Telangana bulletin
608,TG,Telangana,TG_Yadadri Bhuvanagiri,Yadadri Bhuvanagiri,49,49,0,0,0,7,7,0,0,,District-wise numbers are out-dated as cumulative counts for each district are not reported in Telangana bulletin
0,TN,Tamil Nadu,TN_Railway Quarantine,Railway Quarantine,422,96,326,0,0,0,0,0,0,,
0,TN,Tamil Nadu,TN_Airport Quarantine,Airport Quarantine,981,540,440,1,0,14,10,4,0,,
0,TN,Tamil Nadu,TN_Other State,Other State,0,-3,0,3,0,0,0,0,0,,
544,TN,Tamil Nadu,TN_Ariyalur,Ariyalur,513,53,459,1,0,4,4,0,0,,
732,TN,Tamil Nadu,TN_Chengalpattu,Chengalpattu,8120,3435,4527,158,0,248,74,170,4,,
545,TN,Tamil Nadu,TN_Chennai,Chennai,77338,17473,58615,1250,0,1180,-520,1668,32,,
546,TN,Tamil Nadu,TN_Coimbatore,Coimbatore,1261,931,321,9,0,119,118,0,1,,
547,TN,Tamil Nadu,TN_Cuddalore,Cuddalore,1526,437,1083,6,0,16,0,16,0,,
548,TN,Tamil Nadu,TN_Dharmapuri,Dharmapuri,241,146,94,1,0,3,-6,9,0,,
549,TN,Tamil Nadu,TN_Dindigul,Dindigul,787,225,554,8,0,31,-7,38,0,,
550,TN,Tamil Nadu,TN_Erode,Erode,389,207,175,7,0,20,19,0,1,,
734,TN,Tamil Nadu,TN_Kallakurichi,Kallakurichi,1791,786,999,6,0,68,26,41,1,,
551,TN,Tamil Nadu,TN_Kancheepuram,Kancheepuram,3606,2235,1322,49,0,388,356,29,3,,
552,TN,Tamil Nadu,TN_Kanyakumari,Kanyakumari,1306,843,457,6,0,103,102,0,1,,
553,TN,Tamil Nadu,TN_Karur,Karur,201,57,140,4,0,5,5,0,0,,
554,TN,Tamil Nadu,TN_Krishnagiri,Krishnagiri,253,92,157,4,0,12,12,0,0,,
555,TN,Tamil Nadu,TN_Madurai,Madurai,6078,3372,2590,116,0,321,-471,787,5,,
556,TN,Tamil Nadu,TN_Nagapattinam,Nagapattinam,347,170,176,1,0,-6,-7,1,0,,
557,TN,Tamil Nadu,TN_Namakkal,Namakkal,174,77,96,1,0,12,10,2,0,,
564,TN,Tamil Nadu,TN_Nilgiris,Nilgiris,183,89,93,1,0,4,-20,24,0,,
558,TN,Tamil Nadu,TN_Perambalur,Perambalur,175,13,161,1,0,1,1,0,0,,
559,TN,Tamil Nadu,TN_Pudukkottai,Pudukkottai,615,226,381,8,0,45,42,3,0,,
560,TN,Tamil Nadu,TN_Ramanathapuram,Ramanathapuram,1849,1055,760,34,0,75,29,44,2,,
733,TN,Tamil Nadu,TN_Ranipet,Ranipet,1509,771,725,13,0,46,14,32,0,,
561,TN,Tamil Nadu,TN_Salem,Salem,1867,988,872,7,0,100,-69,169,0,,
562,TN,Tamil Nadu,TN_Sivaganga,Sivaganga,862,338,513,11,0,76,35,41,0,,
731,TN,Tamil Nadu,TN_Tenkasi,Tenkasi,683,357,325,1,0,18,-8,26,0,,
563,TN,Tamil Nadu,TN_Thanjavur,Thanjavur,687,266,415,6,0,35,28,6,1,,
565,TN,Tamil Nadu,TN_Theni,Theni,1729,1103,608,18,0,115,37,76,2,,
566,TN,Tamil Nadu,TN_Thiruvallur,Thiruvallur,6655,2514,4014,127,0,234,89,140,5,,
567,TN,Tamil Nadu,TN_Thiruvarur,Thiruvarur,708,292,415,1,0,14,6,8,0,,
568,TN,Tamil Nadu,TN_Thoothukkudi,Thoothukkudi,2261,1199,1048,14,0,137,103,31,3,,
569,TN,Tamil Nadu,TN_Tiruchirappalli,Tiruchirappalli,1504,691,797,16,0,103,102,0,1,,
570,TN,Tamil Nadu,TN_Tirunelveli,Tirunelveli,1758,911,836,11,0,129,96,32,1,,
735,TN,Tamil Nadu,TN_Tirupathur,Tirupathur,414,204,209,1,0,26,22,4,0,,
571,TN,Tamil Nadu,TN_Tiruppur,Tiruppur,297,118,177,2,0,3,-7,10,0,,
572,TN,Tamil Nadu,TN_Tiruvannamalai,Tiruvannamalai,3076,1313,1741,22,0,151,73,77,1,,
573,TN,Tamil Nadu,TN_Vellore,Vellore,2772,1728,1038,6,0,150,146,4,0,,
574,TN,Tamil Nadu,TN_Viluppuram,Viluppuram,1459,486,954,19,0,4,-29,33,0,,
575,TN,Tamil Nadu,TN_Virudhunagar,Virudhunagar,2073,1138,919,16,0,240,144,92,4,,
609,TR,Tripura,TR_Dhalai,Dhalai,265,51,213,0,1,0,0,0,0,,
610,TR,Tripura,TR_Gomati,Gomati,268,112,155,0,1,0,0,0,0,,
611,TR,Tripura,TR_Khowai,Khowai,203,135,67,1,0,0,0,0,0,,
612,TR,Tripura,TR_North Tripura,North Tripura,73,44,23,0,6,0,0,0,0,,
613,TR,Tripura,TR_Sipahijala,Sipahijala,629,66,563,0,0,0,0,0,0,,
614,TR,Tripura,TR_South Tripura,South Tripura,152,21,130,0,1,0,0,0,0,,
615,TR,Tripura,TR_Unokoti,Unokoti,82,13,69,0,0,0,0,0,0,,
616,TR,Tripura,TR_West Tripura,West Tripura,290,129,155,1,5,0,0,0,0,,
617,UP,Uttar Pradesh,UP_Agra,Agra,1386,157,1135,94,0,6,-4,9,1,,
618,UP,Uttar Pradesh,UP_Aligarh,Aligarh,750,333,392,25,0,24,23,0,1,,
619,UP,Uttar Pradesh,UP_Ambedkar Nagar,Ambedkar Nagar,140,27,109,4,0,0,0,0,0,,
620,UP,Uttar Pradesh,UP_Amethi,Amethi,316,23,292,1,0,1,-1,2,0,,
621,UP,Uttar Pradesh,UP_Amroha,Amroha,226,103,118,5,0,8,-8,16,0,,
622,UP,Uttar Pradesh,UP_Auraiya,Auraiya,118,15,101,2,0,0,0,0,0,,
765,UP,Uttar Pradesh,UP_Ayodhya,Ayodhya,444,165,274,5,0,7,6,1,0,,
623,UP,Uttar Pradesh,UP_Azamgarh,Azamgarh,353,98,246,9,0,1,0,1,0,,
624,UP,Uttar Pradesh,UP_Baghpat,Baghpat,451,148,296,7,0,15,1,14,0,,
625,UP,Uttar Pradesh,UP_Bahraich,Bahraich,166,39,126,1,0,0,0,0,0,,
626,UP,Uttar Pradesh,UP_Ballia,Ballia,397,242,153,2,0,22,8,14,0,,
627,UP,Uttar Pradesh,UP_Balrampur,Balrampur,118,42,73,3,0,9,6,2,1,,
628,UP,Uttar Pradesh,UP_Banda,Banda,72,30,42,0,0,1,1,0,0,,
629,UP,Uttar Pradesh,UP_Barabanki,Barabanki,623,231,389,3,0,22,-9,31,0,,
630,UP,Uttar Pradesh,UP_Bareilly,Bareilly,590,320,252,18,0,40,17,21,2,,
631,UP,Uttar Pradesh,UP_Basti,Basti,422,67,339,16,0,7,2,4,1,,
632,UP,Uttar Pradesh,UP_Bhadohi,Bhadohi,213,73,139,1,0,2,-4,6,0,,
633,UP,Uttar Pradesh,UP_Bijnor,Bijnor,397,99,292,6,0,1,-1,2,0,,
634,UP,Uttar Pradesh,UP_Budaun,Budaun,201,62,137,2,0,1,1,0,0,,
635,UP,Uttar Pradesh,UP_Bulandshahr,Bulandshahr,885,259,602,24,0,14,-4,18,0,,
636,UP,Uttar Pradesh,UP_Chandauli,Chandauli,275,120,151,4,0,26,19,6,1,,
637,UP,Uttar Pradesh,UP_Chitrakoot,Chitrakoot,104,4,98,2,0,0,0,0,0,,
638,UP,Uttar Pradesh,UP_Deoria,Deoria,376,154,218,4,0,26,17,9,0,,
639,UP,Uttar Pradesh,UP_Etah,Etah,171,57,106,8,0,6,6,0,0,,
640,UP,Uttar Pradesh,UP_Etawah,Etawah,384,102,264,18,0,10,-5,15,0,,
642,UP,Uttar Pradesh,UP_Farrukhabad,Farrukhabad,249,74,167,8,0,6,-7,13,0,,
643,UP,Uttar Pradesh,UP_Fatehpur,Fatehpur,209,69,136,4,0,3,2,1,0,,
644,UP,Uttar Pradesh,UP_Firozabad,Firozabad,545,21,494,30,0,0,-4,4,0,,
645,UP,Uttar Pradesh,UP_Gautam Buddha Nagar,Gautam Buddha Nagar,3410,893,2484,33,0,63,-25,88,0,,
646,UP,Uttar Pradesh,UP_Ghaziabad,Ghaziabad,3156,1322,1772,62,0,140,116,25,-1,,
647,UP,Uttar Pradesh,UP_Ghazipur,Ghazipur,393,34,353,6,0,3,2,1,0,,
648,UP,Uttar Pradesh,UP_Gonda,Gonda,232,61,164,7,0,19,16,3,0,,
649,UP,Uttar Pradesh,UP_Gorakhpur,Gorakhpur,668,274,377,17,0,73,51,22,0,,
650,UP,Uttar Pradesh,UP_Hamirpur,Hamirpur,108,24,82,2,0,3,2,1,0,,
651,UP,Uttar Pradesh,UP_Hapur,Hapur,898,243,637,18,0,14,5,8,1,,
652,UP,Uttar Pradesh,UP_Hardoi,Hardoi,304,72,226,6,0,7,2,5,0,,
653,UP,Uttar Pradesh,UP_Hathras,Hathras,205,15,186,4,0,2,-4,6,0,,
654,UP,Uttar Pradesh,UP_Jalaun,Jalaun,209,24,177,8,0,3,-3,6,0,,
655,UP,Uttar Pradesh,UP_Jaunpur,Jaunpur,702,179,514,9,0,44,27,17,0,,
656,UP,Uttar Pradesh,UP_Jhansi,Jhansi,565,381,149,35,0,38,36,1,1,,
657,UP,Uttar Pradesh,UP_Kannauj,Kannauj,329,84,243,2,0,2,1,1,0,,
658,UP,Uttar Pradesh,UP_Kanpur Dehat,Kanpur Dehat,78,17,60,1,0,0,-3,3,0,,
659,UP,Uttar Pradesh,UP_Kanpur Nagar,Kanpur Nagar,1734,574,1074,86,0,60,32,25,3,,
660,UP,Uttar Pradesh,UP_Kasganj,Kasganj,169,90,79,0,0,0,-4,4,0,,
661,UP,Uttar Pradesh,UP_Kaushambi,Kaushambi,184,74,109,1,0,20,10,10,0,,
663,UP,Uttar Pradesh,UP_Kushinagar,Kushinagar,254,112,137,5,0,33,15,17,1,,
662,UP,Uttar Pradesh,UP_Lakhimpur Kheri,Lakhimpur Kheri,156,42,114,0,0,5,5,0,0,,
664,UP,Uttar Pradesh,UP_Lalitpur,Lalitpur,42,35,4,3,0,1,1,0,0,,
665,UP,Uttar Pradesh,UP_Lucknow,Lucknow,2381,1294,1057,30,0,167,145,21,1,,
667,UP,Uttar Pradesh,UP_Maharajganj,Maharajganj,270,107,160,3,0,16,16,0,0,,
666,UP,Uttar Pradesh,UP_Mahoba,Mahoba,80,22,57,1,0,5,5,0,0,,
668,UP,Uttar Pradesh,UP_Mainpuri,Mainpuri,322,60,251,11,0,42,39,3,0,,
669,UP,Uttar Pradesh,UP_Mathura,Mathura,530,197,310,23,0,27,-7,34,0,,
670,UP,Uttar Pradesh,UP_Mau,Mau,273,178,91,4,0,3,3,0,0,,
671,UP,Uttar Pradesh,UP_Meerut,Meerut,1517,490,937,90,0,59,30,28,1,,
672,UP,Uttar Pradesh,UP_Mirzapur,Mirzapur,239,126,111,2,0,8,-6,14,0,,
673,UP,Uttar Pradesh,UP_Moradabad,Moradabad,712,241,440,31,0,28,17,10,1,,
674,UP,Uttar Pradesh,UP_Muzaffarnagar,Muzaffarnagar,415,127,274,14,0,8,3,3,2,,
675,UP,Uttar Pradesh,UP_Pilibhit,Pilibhit,181,46,135,0,0,2,0,2,0,,
676,UP,Uttar Pradesh,UP_Pratapgarh,Pratapgarh,134,18,107,9,0,2,2,0,0,,
677,UP,Uttar Pradesh,UP_Prayagraj,Prayagraj,588,240,329,19,0,32,-5,35,2,,
678,UP,Uttar Pradesh,UP_Rae Bareli,Rae Bareli,187,48,135,4,0,13,9,4,0,,
679,UP,Uttar Pradesh,UP_Rampur,Rampur,432,65,362,5,0,4,-4,8,0,,
680,UP,Uttar Pradesh,UP_Saharanpur,Saharanpur,547,135,410,2,0,2,-11,13,0,,
681,UP,Uttar Pradesh,UP_Sambhal,Sambhal,521,180,332,9,0,38,37,0,1,,
682,UP,Uttar Pradesh,UP_Sant Kabir Nagar,Sant Kabir Nagar,388,147,234,7,0,20,13,7,0,,
683,UP,Uttar Pradesh,UP_Shahjahanpur,Shahjahanpur,180,50,130,0,0,10,9,1,0,,
684,UP,Uttar Pradesh,UP_Shamli,Shamli,196,28,165,3,0,5,1,4,0,,
685,UP,Uttar Pradesh,UP_Shrawasti,Shrawasti,87,18,67,2,0,3,-5,8,0,,
686,UP,Uttar Pradesh,UP_Siddharthnagar,Siddharthnagar,308,55,243,10,0,8,8,0,0,,
687,UP,Uttar Pradesh,UP_Sitapur,Sitapur,97,35,61,1,0,5,5,0,0,,
688,UP,Uttar Pradesh,UP_Sonbhadra,Sonbhadra,86,45,41,0,0,10,10,0,0,,
689,UP,Uttar Pradesh,UP_Sultanpur,Sultanpur,237,42,188,7,0,10,7,2,1,,
690,UP,Uttar Pradesh,UP_Unnao,Unnao,334,162,169,3,0,31,21,10,0,,
691,UP,Uttar Pradesh,UP_Varanasi,Varanasi,857,368,456,33,0,38,32,6,0,,
692,UT,Uttarakhand,UT_Almora,Almora,201,19,179,2,1,0,0,0,0,,
693,UT,Uttarakhand,UT_Bageshwar,Bageshwar,95,2,92,1,0,2,2,0,0,,
694,UT,Uttarakhand,UT_Chamoli,Chamoli,77,1,76,0,0,0,0,0,0,,
695,UT,Uttarakhand,UT_Champawat,Champawat,71,17,53,1,0,6,6,0,0,,
696,UT,Uttarakhand,UT_Dehradun,Dehradun,871,170,654,27,20,35,35,0,0,,
697,UT,Uttarakhand,UT_Haridwar,Haridwar,365,56,301,0,8,18,18,0,0,,
698,UT,Uttarakhand,UT_Nainital,Nainital,577,136,435,5,1,13,-48,60,1,,
699,UT,Uttarakhand,UT_Pauri Garhwal,Pauri Garhwal,164,17,143,4,0,4,4,0,0,,
700,UT,Uttarakhand,UT_Pithoragarh,Pithoragarh,70,5,65,0,0,0,0,0,0,,
701,UT,Uttarakhand,UT_Rudraprayag,Rudraprayag,67,1,65,1,0,0,0,0,0,,
702,UT,Uttarakhand,UT_Tehri Garhwal,Tehri Garhwal,431,10,419,2,0,2,2,0,0,,
703,UT,Uttarakhand,UT_Udham Singh Nagar,Udham Singh Nagar,456,221,232,3,0,40,40,0,0,,
704,UT,Uttarakhand,UT_Uttarkashi,Uttarkashi,92,19,72,1,0,0,-8,8,0,,
705,WB,West Bengal,WB_Alipurduar,Alipurduar,205,18,187,0,0,11,10,1,0,,
706,WB,West Bengal,WB_Bankura,Bankura,316,59,257,0,0,12,11,1,0,,
707,WB,West Bengal,WB_Birbhum,Birbhum,334,25,306,3,0,4,-2,6,0,,
708,WB,West Bengal,WB_Cooch Behar,Cooch Behar,356,48,308,0,0,38,38,0,0,,
709,WB,West Bengal,WB_Dakshin Dinajpur,Dakshin Dinajpur,332,109,222,1,0,28,23,5,0,,
710,WB,West Bengal,WB_Darjeeling,Darjeeling,872,298,561,13,0,36,1,34,1,,
711,WB,West Bengal,WB_Hooghly,Hooghly,1528,442,1057,29,0,54,-6,60,0,,
712,WB,West Bengal,WB_Howrah,Howrah,3952,1146,2679,127,0,127,27,98,2,,
713,WB,West Bengal,WB_Jalpaiguri,Jalpaiguri,564,183,378,3,0,56,55,1,0,,
714,WB,West Bengal,WB_Jhargram,Jhargram,25,0,25,0,0,0,0,0,0,,
715,WB,West Bengal,WB_Kalimpong,Kalimpong,57,2,54,1,0,1,1,0,0,,
716,WB,West Bengal,WB_Kolkata,Kolkata,9608,3568,5541,499,0,454,288,153,13,,
717,WB,West Bengal,WB_Malda,Malda,1155,386,762,7,0,59,12,47,0,,
719,WB,West Bengal,WB_Murshidabad,Murshidabad,357,100,252,5,0,18,14,3,1,,
720,WB,West Bengal,WB_Nadia,Nadia,426,96,322,8,0,17,14,3,0,,
721,WB,West Bengal,WB_North 24 Parganas,North 24 Parganas,5629,2465,3000,164,0,357,237,117,3,,
0,WB,West Bengal,WB_Other State,Other State,66,0,63,3,0,0,0,0,0,,
722,WB,West Bengal,WB_Paschim Bardhaman,Paschim Bardhaman,206,51,150,5,0,6,0,6,0,,
718,WB,West Bengal,WB_Paschim Medinipur,Paschim Medinipur,477,92,376,9,0,12,2,8,2,,
723,WB,West Bengal,WB_Purba Bardhaman,Purba Bardhaman,222,41,178,3,0,3,-1,4,0,,
724,WB,West Bengal,WB_Purba Medinipur,Purba Medinipur,547,175,364,8,0,52,31,21,0,,
725,WB,West Bengal,WB_Purulia,Purulia,115,20,95,0,0,0,0,0,0,,
726,WB,West Bengal,WB_South 24 Parganas,South 24 Parganas,2228,1050,1135,43,0,161,105,52,4,,
727,WB,West Bengal,WB_Uttar Dinajpur,Uttar Dinajpur,436,126,309,1,0,54,52,2,0,,
728,AN,Andaman and Nicobar Islands,AN_Unknown,Unknown,111,44,67,0,0,0,0,0,0,,
729,AP,Andhra Pradesh,AP_Unknown,Unknown,0,0,0,0,0,0,0,0,0,,
730,AR,Arunachal Pradesh,AR_Unknown,Unknown,0,0,0,0,0,0,0,0,0,,
731,AS,Assam,AS_Unknown,Unknown,5929,-3870,9781,15,3,0,0,0,0,,
732,BR,Bihar,BR_Unknown,Unknown,0,0,0,0,0,0,0,0,0,,
733,CH,Chandigarh,CH_Unknown,Unknown,0,0,0,0,0,0,0,0,0,,
734,CT,Chhattisgarh,CT_Unknown,Unknown,0,0,0,0,0,0,0,0,0,,
735,DN,Dadra and Nagar Haveli and Daman and Diu,DN_Unknown,Unknown,0,0,0,0,0,0,0,0,0,,
737,DL,Delhi,DL_Unknown,Unknown,111706,18368,89968,3370,0,0,0,0,0,,
738,GA,Goa,GA_Unknown,Unknown,710,24,684,2,0,0,0,0,0,,
739,GJ,Gujarat,GJ_Unknown,Unknown,0,0,0,0,0,0,0,0,0,,
740,HR,Haryana,HR_Unknown,Unknown,0,0,0,0,0,0,0,0,0,,
741,HP,Himachal Pradesh,HP_Unknown,Unknown,0,0,0,0,0,0,0,0,0,,
742,JK,Jammu and Kashmir,JK_Unknown,Unknown,0,0,0,0,0,0,10,0,-10,,
743,JH,Jharkhand,JH_Unknown,Unknown,0,0,0,0,0,0,0,0,0,,
744,KA,Karnataka,KA_Unknown,Unknown,0,-2,0,2,0,0,0,0,0,,
745,KL,Kerala,KL_Unknown,Unknown,0,0,0,0,0,0,0,0,0,,
746,LA,Ladakh,LA_Unknown,Unknown,0,0,0,0,0,0,0,0,0,,
747,LD,Lakshadweep,LD_Unknown,Unknown,0,0,0,0,0,0,0,0,0,,
748,MP,Madhya Pradesh,MP_Unknown,Unknown,0,0,0,0,0,0,0,0,0,,
749,MH,Maharashtra,MH_Unknown,Unknown,0,0,0,0,0,0,0,0,0,,
750,MN,Manipur,MN_Unknown,Unknown,0,-503,503,0,0,0,0,0,0,,
751,ML,Meghalaya,ML_Unknown,Unknown,120,107,12,1,0,0,0,0,0,,
752,MZ,Mizoram,MZ_Unknown,Unknown,0,0,0,0,0,0,0,0,0,,
753,NL,Nagaland,NL_Unknown,Unknown,0,-253,253,0,0,0,0,0,0,,
754,OR,Odisha,OR_Unknown,Unknown,0,0,0,0,0,0,0,0,0,,
755,PY,Puducherry,PY_Unknown,Unknown,0,0,0,0,0,0,0,0,0,,
756,PB,Punjab,PB_Unknown,Unknown,0,0,0,0,0,0,0,0,0,,
757,RJ,Rajasthan,RJ_Unknown,Unknown,0,0,0,0,0,0,0,0,0,,
758,SK,Sikkim,SK_Unknown,Unknown,0,-1,1,0,0,0,0,0,0,,
759,TN,Tamil Nadu,TN_Unknown,Unknown,0,0,0,0,0,0,0,0,0,,
760,TG,Telangana,TG_Unknown,Unknown,456,-21801,21931,326,0,0,0,0,0,,
761,TR,Tripura,TR_Unknown,Unknown,0,0,0,0,0,0,0,0,0,,
762,UP,Uttar Pradesh,UP_Unknown,Unknown,0,0,0,0,0,0,0,0,0,,
763,UT,Uttarakhand,UT_Unknown,Unknown,0,0,0,0,0,0,0,0,0,,
764,WB,West Bengal,WB_Unknown,Unknown,0,0,0,0,0,0,0,0,0,,
